{"cameraMode":{"drawMode":0,"name":"Shaded","section":"Shading Mode"},"sceneLighting":false,"audioPlay":false,"sceneViewState":{"m_AlwaysRefresh":false,"showFog":true,"showSkybox":false,"showFlares":true,"showImageEffects":true,"showParticleSystems":true,"showVisualEffectGraphs":true,"m_FxEnabled":true},"in2DMode":false,"pivot":{"x":0.24056518077850343,"y":4.176518440246582,"z":0.6736189126968384},"rotation":{"x":0.1375586986541748,"y":0.007428634911775589,"z":-0.00103170913644135,"w":0.9904661178588867},"size":8.982152938842774,"orthographic":false}