{"cameraMode":{"drawMode":0,"name":"Shaded","section":"Shading Mode"},"sceneLighting":true,"audioPlay":false,"sceneViewState":{"m_AlwaysRefresh":false,"showFog":true,"showSkybox":true,"showFlares":true,"showImageEffects":true,"showParticleSystems":true,"showVisualEffectGraphs":true,"m_FxEnabled":true},"in2DMode":false,"pivot":{"x":0.017089396715164186,"y":2.95167875289917,"z":-0.19476985931396485},"rotation":{"x":0.1996460109949112,"y":0.0058791758492589,"z":-0.0011978920083492995,"w":0.9798505902290344},"size":7.119327545166016,"orthographic":false}