{"cameraMode":{"drawMode":0,"name":"Shaded","section":"Shading Mode"},"sceneLighting":false,"audioPlay":false,"sceneViewState":{"m_AlwaysRefresh":false,"showFog":true,"showSkybox":false,"showFlares":true,"showImageEffects":true,"showParticleSystems":true,"showVisualEffectGraphs":true,"m_FxEnabled":true},"in2DMode":false,"pivot":{"x":-0.07301105558872223,"y":4.887039661407471,"z":1.491286277770996},"rotation":{"x":0.1375586986541748,"y":0.007428634911775589,"z":-0.00103170913644135,"w":0.9904661178588867},"size":1.8200873136520386,"orthographic":false}